{"train/loss": 1.7046, "train/grad_norm": 0.31480906086356464, "train/learning_rate": 0.0, "train/epoch": 1.0, "train/global_step": 4236, "_timestamp": 1716599219.5628312, "_runtime": 23552.802921056747, "_step": 4236, "train_runtime": 23556.278, "train_samples_per_second": 23.016, "train_steps_per_second": 0.18, "total_flos": 932704505757696.0, "train_loss": 1.7101406753063202, "_wandb": {"runtime": 23553}}