{"train/loss": 1.1925, "train/grad_norm": 2.7791970244757014, "train/learning_rate": 2.114970796188134e-06, "train/epoch": 0.00031724835012413266, "train/global_step": 172, "_timestamp": 1716534021.2685268, "_runtime": 204.24988174438477, "_step": 171}