{"train/loss": 1.2152, "train/grad_norm": 0.13083232124406438, "train/learning_rate": 0.0001996665519969882, "train/epoch": 0.055319696384922165, "train/global_step": 215, "_timestamp": 1716837630.1786656, "_runtime": 2500.235544681549, "_step": 214}