{"train/loss": 1.1338, "train/grad_norm": 0.20765879559521733, "train/learning_rate": 0.00019995895634146479, "train/epoch": 0.03901677721420211, "train/global_step": 150, "_timestamp": 1716735750.1118574, "_runtime": 1155.6621115207672, "_step": 149}