{"train/loss": 1.6457, "train/grad_norm": 6.768500625863436, "train/learning_rate": 5.079631181894385e-06, "train/epoch": 0.0007619938587821679, "train/global_step": 303, "_timestamp": 1716913026.2281866, "_runtime": 1136.6390676498413, "_step": 302}