{"train/loss": 1.8886, "train/grad_norm": 2.304193351539797, "train/learning_rate": 1.35473819684346e-08, "train/epoch": 2.03217749851143e-06, "train/global_step": 1, "_timestamp": 1716549954.7053766, "_runtime": 18.238492727279663, "_step": 0}