{"train/loss": 2.035, "train/grad_norm": 0.378717956437155, "train/learning_rate": 0.0, "train/epoch": 0.9998229357256684, "train/global_step": 4235, "_timestamp": 1716554081.1632047, "_runtime": 19840.65262055397, "_step": 4235, "train_runtime": 19843.7888, "train_samples_per_second": 27.321, "train_steps_per_second": 0.213, "total_flos": 350435454910464.0, "train_loss": 1.992516986566564, "_wandb": {"runtime": 19838}}