{"train/loss": 1.2851, "train/grad_norm": 0.39235219677139105, "train/learning_rate": 0.0, "train/epoch": 0.9998699440759526, "train/global_step": 3844, "_timestamp": 1716662097.282163, "_runtime": 23969.074779987335, "_step": 3844, "train_runtime": 23973.7353, "train_samples_per_second": 20.526, "train_steps_per_second": 0.16, "total_flos": 2493393988190208.0, "train_loss": 1.3042790371843234, "_wandb": {"runtime": 23973}}