{"train/loss": 0.8922, "train/grad_norm": 0.26072311567127954, "train/learning_rate": 0.0, "train/epoch": 1.0, "train/global_step": 6214, "_timestamp": 1716958973.7460532, "_runtime": 27579.344400167465, "_step": 6214, "train_runtime": 27583.6518, "train_samples_per_second": 14.416, "train_steps_per_second": 0.225, "total_flos": 2149096049868800.0, "train_loss": 0.9529635635917119, "_wandb": {"runtime": 27581}}