{"train/loss": 1.1802, "train/grad_norm": 0.22837240269000786, "train/learning_rate": 0.00019991124482238458, "train/epoch": 0.043178566783716996, "train/global_step": 166, "_timestamp": 1716734265.5690112, "_runtime": 1304.4707062244415, "_step": 165}