{"train/loss": 1.7099, "train/grad_norm": 1.4328160781737196, "train/learning_rate": 1.994970662196144e-06, "train/epoch": 0.00029926491483524086, "train/global_step": 119, "_timestamp": 1716910550.7278821, "_runtime": 482.9061670303345, "_step": 118}