{"train/loss": 0.8948, "train/grad_norm": 0.9921096431935378, "train/learning_rate": 1.219264377159114e-07, "train/epoch": 1.828959748660287e-05, "train/global_step": 9, "_timestamp": 1716549612.1325762, "_runtime": 66.08332920074463, "_step": 8}