{"train/loss": 1.0378, "train/grad_norm": 0.14076572595525644, "train/learning_rate": 0.00019174133198065276, "train/epoch": 0.15643895535829153, "train/global_step": 608, "_timestamp": 1716881399.3293836, "_runtime": 116.58128666877747, "_step": 7}