{"train/loss": 1.8886, "train/grad_norm": 2.331225303519521, "train/learning_rate": 1.35473819684346e-08, "train/epoch": 2.03217749851143e-06, "train/global_step": 1, "_timestamp": 1716538065.0651717, "_runtime": 16.445266723632812, "_step": 0}