{"train/loss": 0.8762, "train/grad_norm": 0.2231507717530885, "train/learning_rate": 0.0, "train/epoch": 1.0, "train/global_step": 3107, "_timestamp": 1717027711.516253, "_runtime": 26482.791769981384, "_step": 3107, "train_runtime": 26487.7159, "train_samples_per_second": 15.012, "train_steps_per_second": 0.117, "total_flos": 2148793007046656.0, "train_loss": 0.9523584330469457, "_wandb": {"runtime": 26484}}