{"train/loss": 2.1793, "train/grad_norm": 1.7103411972390068, "train/learning_rate": 5.689655172413794e-06, "train/epoch": 0.008583690987124463, "train/global_step": 33, "_timestamp": 1716637193.579674, "_runtime": 630.8555810451508, "_step": 32}