{"train/loss": 1.1621, "train/grad_norm": 0.4060543511772651, "train/learning_rate": 4.680851063829788e-05, "train/epoch": 0.007081640043455519, "train/global_step": 22, "_timestamp": 1716873504.4979322, "_runtime": 1019.8743863105774, "_step": 21}