{"train/loss": 1.5598, "train/grad_norm": 2.306439834899943, "train/learning_rate": 6.909164803901646e-07, "train/epoch": 0.00010364105242408293, "train/global_step": 51, "_timestamp": 1716538576.415375, "_runtime": 160.40082693099976, "_step": 50}