{"train/loss": 1.8886, "train/grad_norm": 2.2981881996896245, "train/learning_rate": 1.35473819684346e-08, "train/epoch": 2.03217749851143e-06, "train/global_step": 1, "_timestamp": 1716550561.5008242, "_runtime": 18.30304527282715, "_step": 0}