{"train/loss": 1.2846, "train/grad_norm": 0.21101147882615298, "train/learning_rate": 0.0001873646510897402, "train/epoch": 0.18702041878007544, "train/global_step": 719, "_timestamp": 1716740416.1957438, "_runtime": 4465.231947898865, "_step": 718}