{"train/loss": 0.8902, "train/grad_norm": 0.18322677658747075, "train/learning_rate": 0.0, "train/epoch": 1.0, "train/global_step": 3107, "_timestamp": 1716918640.147781, "_runtime": 23968.34364581108, "_step": 3107, "train_runtime": 23973.5728, "train_samples_per_second": 16.587, "train_steps_per_second": 0.13, "total_flos": 2148793007046656.0, "train_loss": 0.9629860986917396, "_wandb": {"runtime": 23970}}