{"train/loss": 0.9666, "train/grad_norm": 0.2147880160335627, "train/learning_rate": 0.0, "train/epoch": 1.0, "train/global_step": 7689, "_timestamp": 1716558155.2104952, "_runtime": 28966.05177116394, "_step": 7689, "train_runtime": 28969.1393, "train_samples_per_second": 16.986, "train_steps_per_second": 0.265, "total_flos": 2493987061153792.0, "train_loss": 1.1121133613189527, "_wandb": {"runtime": 28968}}