{"train/loss": 0.8875, "train/grad_norm": 0.18465362134300103, "train/learning_rate": 0.0, "train/epoch": 1.0, "train/global_step": 3107, "_timestamp": 1716843892.8845258, "_runtime": 24058.91285586357, "_step": 3107, "train_runtime": 24063.9592, "train_samples_per_second": 16.524, "train_steps_per_second": 0.129, "total_flos": 2148793007046656.0, "train_loss": 0.9616592660723755, "_wandb": {"runtime": 24061}}