{"train/loss": 0.7861, "train/grad_norm": 2.0276227360023538, "train/learning_rate": 2.574002574002574e-07, "train/epoch": 3.861137247171717e-05, "train/global_step": 19, "_timestamp": 1716538350.0952787, "_runtime": 89.70481562614441, "_step": 18}