{"train/loss": 0.8884, "train/grad_norm": 0.18549102455488672, "train/learning_rate": 0.0, "train/epoch": 1.0, "train/global_step": 7689, "_timestamp": 1716597127.5577528, "_runtime": 68469.2999958992, "_step": 7689, "train_runtime": 68473.5767, "train_samples_per_second": 7.186, "train_steps_per_second": 0.112, "total_flos": 6645490663260160.0, "train_loss": 1.0114940399233054, "_wandb": {"runtime": 68471}}