{"train/loss": 1.239, "train/grad_norm": 0.19569028201624847, "train/learning_rate": 0.00016138452390498172, "train/epoch": 0.3109637143971908, "train/global_step": 2391, "_timestamp": 1716742139.413109, "_runtime": 9171.587581157684, "_step": 2390}