{"train/loss": 12.1208, "train/grad_norm": 311.5252482685916, "train/learning_rate": 6.705783738474434e-07, "train/epoch": 0.00010059324868411456, "train/global_step": 40, "_timestamp": 1716911791.4160407, "_runtime": 209.44117069244385, "_step": 39}