{"train/loss": 3.0076, "train/grad_norm": 3.396001101125284, "train/learning_rate": 4.4706360495834184e-07, "train/epoch": 6.706185745087719e-05, "train/global_step": 33, "_timestamp": 1716550135.478306, "_runtime": 118.29319214820862, "_step": 32}