{"train/loss": 1.4854, "train/grad_norm": 0.24861903550987388, "train/learning_rate": 0.0, "train/epoch": 0.9998713495432909, "train/global_step": 3886, "_timestamp": 1716819615.5013344, "_runtime": 11922.96725153923, "_step": 3886, "train_runtime": 11927.5978, "train_samples_per_second": 41.707, "train_steps_per_second": 0.326, "total_flos": 500502155231232.0, "train_loss": 1.5363423242988625, "_wandb": {"runtime": 11927}}