{"train/loss": 2.1582, "train/grad_norm": 2.1639729217296244, "train/learning_rate": 3.7932669511616885e-07, "train/epoch": 5.690096995832004e-05, "train/global_step": 28, "_timestamp": 1716549459.2287173, "_runtime": 110.35330128669739, "_step": 27}