{"train/loss": 1.3049, "train/grad_norm": 0.39942149816227523, "train/learning_rate": 0.0, "train/epoch": 0.9998699440759526, "train/global_step": 3844, "_timestamp": 1716591650.9025395, "_runtime": 23441.20964050293, "_step": 3844, "train_runtime": 23444.1478, "train_samples_per_second": 20.99, "train_steps_per_second": 0.164, "total_flos": 2493393988190208.0, "train_loss": 1.3255018989141725, "_wandb": {"runtime": 23442}}