{"train/loss": 1.2335, "train/grad_norm": 0.3171755921888005, "train/learning_rate": 0.00018936170212765957, "train/epoch": 0.02864730023336284, "train/global_step": 89, "_timestamp": 1716898920.2278523, "_runtime": 1272.7457463741302, "_step": 88}