{"train/loss": 0.8822, "train/grad_norm": 0.20625241852451703, "train/learning_rate": 0.0, "train/epoch": 1.0, "train/global_step": 3107, "_timestamp": 1716995835.042343, "_runtime": 26860.37169098854, "_step": 3107, "train_runtime": 26866.269, "train_samples_per_second": 14.801, "train_steps_per_second": 0.116, "total_flos": 2148793007046656.0, "train_loss": 0.9579876482889589, "_wandb": {"runtime": 26867}}