{"train/loss": 3.0236, "train/grad_norm": 4.399609841821418, "train/learning_rate": 2.2624127887285783e-06, "train/epoch": 0.0003393736422514088, "train/global_step": 167, "_timestamp": 1716551534.6222773, "_runtime": 638.7352411746979, "_step": 166}