{"train/loss": 0.8878, "train/grad_norm": 0.2483753057521469, "train/learning_rate": 0.0, "train/epoch": 0.9997585901665728, "train/global_step": 3106, "_timestamp": 1716943852.355436, "_runtime": 43081.59196615219, "_step": 3106, "train_runtime": 43086.3019, "train_samples_per_second": 9.229, "train_steps_per_second": 0.072, "total_flos": 3430445134315520.0, "train_loss": 0.9872743113149924, "_wandb": {"runtime": 43083}}