{"train/loss": 1.2805, "train/grad_norm": 0.22918509558585737, "train/learning_rate": 0.0, "train/epoch": 0.9998699440759526, "train/global_step": 3844, "_timestamp": 1716716686.278995, "_runtime": 23903.84001302719, "_step": 3844, "train_runtime": 23909.1081, "train_samples_per_second": 20.581, "train_steps_per_second": 0.161, "total_flos": 2493393988190208.0, "train_loss": 1.291079307957693, "_wandb": {"runtime": 23907}}