{"train/loss": 1.8043, "train/grad_norm": 1.4667739706783596, "train/learning_rate": 7.241379310344828e-06, "train/epoch": 0.01092469761997659, "train/global_step": 42, "_timestamp": 1716568072.3103547, "_runtime": 310.860821723938, "_step": 41}