{"train/loss": 1.1721, "train/grad_norm": 0.40534789714598196, "train/learning_rate": 0.0, "train/epoch": 0.9998699440759526, "train/global_step": 3844, "_timestamp": 1716721314.6811197, "_runtime": 28534.14201068878, "_step": 3844, "train_runtime": 28539.2305, "train_samples_per_second": 17.242, "train_steps_per_second": 0.135, "total_flos": 2493393988190208.0, "train_loss": 1.1877578113782419, "_wandb": {"runtime": 28539}}