{"train/loss": 1.0726, "train/grad_norm": 0.16802539780501827, "train/learning_rate": 0.00019826218326131687, "train/epoch": 0.08787671508469802, "train/global_step": 273, "_timestamp": 1716894154.978758, "_runtime": 7742.1796860694885, "_step": 272}