{"train/loss": 1.4475, "train/grad_norm": 1.8513144209656343, "train/learning_rate": 1.625685836212152e-07, "train/epoch": 2.4386129982137158e-05, "train/global_step": 12, "_timestamp": 1716550280.416351, "_runtime": 91.90543007850647, "_step": 11}