{"train/loss": 1.1698, "train/grad_norm": 0.30709761291238613, "train/learning_rate": 1.8407146804895736e-05, "train/epoch": 0.20678891923527118, "train/global_step": 795, "_timestamp": 1716567498.488756, "_runtime": 5165.8274619579315, "_step": 794}