{"train/loss": 0.8819, "train/grad_norm": 0.2105749435435183, "train/learning_rate": 0.0, "train/epoch": 1.0, "train/global_step": 3107, "_timestamp": 1717026160.8937535, "_runtime": 25052.353341579437, "_step": 3107, "train_runtime": 25057.0186, "train_samples_per_second": 15.869, "train_steps_per_second": 0.124, "total_flos": 2148793007046656.0, "train_loss": 0.9577466052638245, "_wandb": {"runtime": 25051}}