{"train/loss": 1.1829, "train/grad_norm": 0.365901273163048, "train/learning_rate": 7.2953296417655515e-06, "train/epoch": 0.599557809858239, "train/global_step": 2305, "_timestamp": 1716638016.5929084, "_runtime": 34005.39451646805, "_step": 2304}