{"train/loss": 1.9212, "train/grad_norm": 0.7772927672478889, "train/learning_rate": 2.5862068965517246e-06, "train/epoch": 0.0039016777214202106, "train/global_step": 15, "_timestamp": 1716561839.451314, "_runtime": 134.9222559928894, "_step": 14}