{"train/loss": 1.7329, "train/grad_norm": 0.7988887140192563, "train/learning_rate": 5.172413793103449e-07, "train/epoch": 0.0007803355442840422, "train/global_step": 3, "_timestamp": 1716692640.437033, "_runtime": 58.838902950286865, "_step": 2}