{"train/loss": 1.8886, "train/grad_norm": 2.2540812010036055, "train/learning_rate": 1.35473819684346e-08, "train/epoch": 2.03217749851143e-06, "train/global_step": 1, "_timestamp": 1716550756.516011, "_runtime": 20.65547800064087, "_step": 0}