{"train/loss": 1.9663, "train/grad_norm": 0.9101342108531868, "train/learning_rate": 5.172413793103449e-07, "train/epoch": 0.0007803355442840422, "train/global_step": 3, "_timestamp": 1716692057.1294246, "_runtime": 60.77221345901489, "_step": 2}