{"train/loss": 1.866, "train/grad_norm": 0.8940955806551694, "train/learning_rate": 3.448275862068966e-06, "train/epoch": 0.0005201560468140442, "train/global_step": 2, "_timestamp": 1716524153.0185604, "_runtime": 70.44697332382202, "_step": 1}