{"train/loss": 2.239, "train/grad_norm": 2.0060345648391396, "train/learning_rate": 4.335162229899072e-07, "train/epoch": 6.502967995236576e-05, "train/global_step": 32, "_timestamp": 1716549865.3155715, "_runtime": 113.74134659767151, "_step": 31}