{"train/loss": 1.4447, "train/grad_norm": 1.1233638983318084, "train/learning_rate": 1.0695187165775401e-06, "train/epoch": 0.00016094636462398904, "train/global_step": 1, "_timestamp": 1716872300.7762632, "_runtime": 67.63821220397949, "_step": 0}