{"train/loss": 1.0609, "train/grad_norm": 0.13200125598332313, "train/learning_rate": 0.00013174078535705682, "train/epoch": 0.4152836742570436, "train/global_step": 1614, "_timestamp": 1716894206.3756087, "_runtime": 11486.562410593033, "_step": 1013}