{"train/loss": 1.1391, "train/grad_norm": 0.13400674263376816, "train/learning_rate": 0.00018818844248822, "train/epoch": 0.1816544448732793, "train/global_step": 706, "_timestamp": 1716873513.4588022, "_runtime": 7889.3053731918335, "_step": 705}