{"train/loss": 0.8276, "train/grad_norm": 0.1511739937669252, "train/learning_rate": 1.2065687676322057e-05, "train/epoch": 0.8467975539105246, "train/global_step": 2631, "_timestamp": 1717049372.8867872, "_runtime": 48618.985186100006, "_step": 2630}