{"train/loss": 2.3223, "train/grad_norm": 1.4888051650524607, "train/learning_rate": 3.448275862068966e-06, "train/epoch": 0.0005201560468140442, "train/global_step": 2, "_timestamp": 1716524157.2684622, "_runtime": 60.88864707946777, "_step": 1}