{"train/loss": 2.2509, "train/grad_norm": 7.803005324466371, "train/learning_rate": 5.148005148005148e-07, "train/epoch": 7.722274494343435e-05, "train/global_step": 38, "_timestamp": 1716550470.1761034, "_runtime": 131.64893126487732, "_step": 37}