{"train/loss": 1.1292, "train/grad_norm": 0.2506165024896784, "train/learning_rate": 0.0, "train/epoch": 0.9998699440759526, "train/global_step": 3844, "_timestamp": 1716760359.7332768, "_runtime": 19733.01748085022, "_step": 3244, "train_runtime": 19737.7323, "train_samples_per_second": 24.931, "train_steps_per_second": 0.195, "total_flos": 597077107900416.0, "train_loss": 0.951190673101705, "_wandb": {"runtime": 19735}}