{"train/loss": 1.3179, "train/grad_norm": 0.22767425125387125, "train/learning_rate": 0.0, "train/epoch": 0.9998713495432909, "train/global_step": 3886, "_timestamp": 1716855979.2094939, "_runtime": 28320.835921764374, "_step": 3886, "train_runtime": 28325.3034, "train_samples_per_second": 17.563, "train_steps_per_second": 0.137, "total_flos": 1331914826317824.0, "train_loss": 1.3388742964505782, "_wandb": {"runtime": 28328}}