{"train/loss": 0.802, "train/grad_norm": 0.15868939426893422, "train/learning_rate": 0.0, "train/epoch": 1.0, "train/global_step": 3107, "_timestamp": 1716931289.2306461, "_runtime": 57638.30360913277, "_step": 3107, "train_runtime": 57642.7999, "train_samples_per_second": 6.898, "train_steps_per_second": 0.054, "total_flos": 5725684825587712.0, "train_loss": 0.8483216017244866, "_wandb": {"runtime": 57642}}