{"train/loss": 1.7014, "train/grad_norm": 0.7560058950732648, "train/learning_rate": 2.5974025974025976e-06, "train/epoch": 0.0003901677721420211, "train/global_step": 3, "_timestamp": 1716528762.6412404, "_runtime": 93.64038729667664, "_step": 2}