{"train/loss": 0.8943, "train/grad_norm": 0.24251179170226686, "train/learning_rate": 0.0, "train/epoch": 1.0, "train/global_step": 6214, "_timestamp": 1716989628.9220378, "_runtime": 23360.385522842407, "_step": 6214, "train_runtime": 23365.2807, "train_samples_per_second": 17.018, "train_steps_per_second": 0.266, "total_flos": 2149096049868800.0, "train_loss": 0.9576507052367701, "_wandb": {"runtime": 23362}}