{"train/loss": 2.8633, "train/grad_norm": 2.632596354003019, "train/learning_rate": 5.418952787373841e-07, "train/epoch": 8.12870999404572e-05, "train/global_step": 40, "_timestamp": 1716523630.6795342, "_runtime": 147.13612508773804, "_step": 39}