{"train/loss": 1.9417, "train/grad_norm": 0.9147308999795649, "train/learning_rate": 5.172413793103449e-06, "train/epoch": 0.007803355442840421, "train/global_step": 30, "_timestamp": 1716692493.2898414, "_runtime": 228.9679024219513, "_step": 29}