{"train/loss": 1.1504, "train/grad_norm": 0.3578578295325835, "train/learning_rate": 0.0, "train/epoch": 0.9998699440759526, "train/global_step": 3844, "_timestamp": 1716806573.2901254, "_runtime": 28642.531979322433, "_step": 3844, "train_runtime": 28647.3347, "train_samples_per_second": 17.177, "train_steps_per_second": 0.134, "total_flos": 2493393988190208.0, "train_loss": 1.1494478918573239, "_wandb": {"runtime": 28649}}