{"train/loss": 1.8914, "train/grad_norm": 1.4857127589391395, "train/learning_rate": 1.9251336898395722e-05, "train/epoch": 0.002896684905053106, "train/global_step": 18, "_timestamp": 1717000645.02212, "_runtime": 208.44762110710144, "_step": 17}