{"train/loss": 1.1796, "train/grad_norm": 0.41715853457191626, "train/learning_rate": 0.0, "train/epoch": 0.9998699440759526, "train/global_step": 3844, "_timestamp": 1716665752.4296958, "_runtime": 28462.83747291565, "_step": 3844, "train_runtime": 28466.2883, "train_samples_per_second": 17.287, "train_steps_per_second": 0.135, "total_flos": 2493393988190208.0, "train_loss": 1.199464779738705, "_wandb": {"runtime": 28465}}