{"train/loss": 1.8886, "train/grad_norm": 2.2864633795853804, "train/learning_rate": 1.35473819684346e-08, "train/epoch": 2.03217749851143e-06, "train/global_step": 1, "_timestamp": 1716537521.7192552, "_runtime": 15.610596179962158, "_step": 0}