{"train/loss": 1.4381, "train/grad_norm": 0.16720155612144894, "train/learning_rate": 1.9998718212989533e-05, "train/epoch": 0.035115099492781895, "train/global_step": 135, "_timestamp": 1716560137.6386774, "_runtime": 1038.0697243213654, "_step": 134}