{"train/loss": 1.0956, "train/grad_norm": 0.18078881382495954, "train/learning_rate": 0.0, "train/epoch": 0.9998699440759526, "train/global_step": 3844, "_timestamp": 1716797934.9761136, "_runtime": 54511.127903461456, "_step": 3844, "train_runtime": 54515.9784, "train_samples_per_second": 9.026, "train_steps_per_second": 0.071, "total_flos": 2493506491744256.0, "train_loss": 1.116433389244541, "_wandb": {"runtime": 54521}}