{"train/loss": 0.0399, "train/grad_norm": 2.387159848249534, "train/learning_rate": 1.349527665317139e-05, "train/epoch": 0.002024448590815077, "train/global_step": 600, "_timestamp": 1716523279.0765226, "_runtime": 751.1445276737213, "_step": 601, "eval/loss": 1.6761395931243896, "eval/runtime": 76.4287, "eval/samples_per_second": 13.084, "eval/steps_per_second": 3.271, "_wandb": {"runtime": 755}}